<?xml version="1.0" encoding="UTF-8"?>
<GenRun Id="impl_1" LaunchPart="xc7a35tcsg324-1" LaunchTime="1573010828">
  <File Type="ROUTE-PWR" Name="fulladd1io_wrapper_power_routed.rpt"/>
  <File Type="PA-TCL" Name="fulladd1io_wrapper.tcl"/>
  <File Type="BITSTR-BMM" Name="fulladd1io_wrapper_bd.bmm"/>
  <File Type="ROUTE-PWR-SUM" Name="fulladd1io_wrapper_power_summary_routed.pb"/>
  <File Type="REPORTS-TCL" Name="fulladd1io_wrapper_reports.tcl"/>
  <File Type="OPT-DCP" Name="fulladd1io_wrapper_opt.dcp"/>
  <File Type="OPT-DRC" Name="fulladd1io_wrapper_drc_opted.rpt"/>
  <File Type="OPT-HWDEF" Name="fulladd1io_wrapper.hwdef"/>
  <File Type="PWROPT-DCP" Name="fulladd1io_wrapper_pwropt.dcp"/>
  <File Type="PLACE-DCP" Name="fulladd1io_wrapper_placed.dcp"/>
  <File Type="PLACE-IO" Name="fulladd1io_wrapper_io_placed.rpt"/>
  <File Type="PLACE-UTIL" Name="fulladd1io_wrapper_utilization_placed.rpt"/>
  <File Type="PLACE-UTIL-PB" Name="fulladd1io_wrapper_utilization_placed.pb"/>
  <File Type="PLACE-CTRL" Name="fulladd1io_wrapper_control_sets_placed.rpt"/>
  <File Type="PLACE-PRE-SIMILARITY" Name="fulladd1io_wrapper_incremental_reuse_pre_placed.rpt"/>
  <File Type="BG-BGN" Name="fulladd1io_wrapper.bgn"/>
  <File Type="POSTPLACE-PWROPT-DCP" Name="fulladd1io_wrapper_postplace_pwropt.dcp"/>
  <File Type="BG-BIN" Name="fulladd1io_wrapper.bin"/>
  <File Type="PHYSOPT-DCP" Name="fulladd1io_wrapper_physopt.dcp"/>
  <File Type="BITSTR-MSK" Name="fulladd1io_wrapper.msk"/>
  <File Type="ROUTE-ERROR-DCP" Name="fulladd1io_wrapper_routed_error.dcp"/>
  <File Type="ROUTE-DCP" Name="fulladd1io_wrapper_routed.dcp"/>
  <File Type="ROUTE-BLACKBOX-DCP" Name="fulladd1io_wrapper_routed_bb.dcp"/>
  <File Type="ROUTE-DRC" Name="fulladd1io_wrapper_drc_routed.rpt"/>
  <File Type="ROUTE-DRC-PB" Name="fulladd1io_wrapper_drc_routed.pb"/>
  <File Type="ROUTE-DRC-RPX" Name="fulladd1io_wrapper_drc_routed.rpx"/>
  <File Type="BITSTR-LTX" Name="fulladd1io_wrapper.ltx"/>
  <File Type="ROUTE-METHODOLOGY-DRC" Name="fulladd1io_wrapper_methodology_drc_routed.rpt"/>
  <File Type="BITSTR-MMI" Name="fulladd1io_wrapper.mmi"/>
  <File Type="ROUTE-METHODOLOGY-DRC-RPX" Name="fulladd1io_wrapper_methodology_drc_routed.rpx"/>
  <File Type="ROUTE-METHODOLOGY-DRC-PB" Name="fulladd1io_wrapper_methodology_drc_routed.pb"/>
  <File Type="BITSTR-SYSDEF" Name="fulladd1io_wrapper.sysdef"/>
  <File Type="ROUTE-PWR-RPX" Name="fulladd1io_wrapper_power_routed.rpx"/>
  <File Type="ROUTE-STATUS" Name="fulladd1io_wrapper_route_status.rpt"/>
  <File Type="ROUTE-STATUS-PB" Name="fulladd1io_wrapper_route_status.pb"/>
  <File Type="ROUTE-TIMINGSUMMARY" Name="fulladd1io_wrapper_timing_summary_routed.rpt"/>
  <File Type="ROUTE-TIMING-PB" Name="fulladd1io_wrapper_timing_summary_routed.pb"/>
  <File Type="ROUTE-TIMING-RPX" Name="fulladd1io_wrapper_timing_summary_routed.rpx"/>
  <File Type="ROUTE-CLK" Name="fulladd1io_wrapper_clock_utilization_routed.rpt"/>
  <File Type="ROUTE-BUS-SKEW" Name="fulladd1io_wrapper_bus_skew_routed.rpt"/>
  <File Type="ROUTE-BUS-SKEW-PB" Name="fulladd1io_wrapper_bus_skew_routed.pb"/>
  <File Type="ROUTE-BUS-SKEW-RPX" Name="fulladd1io_wrapper_bus_skew_routed.rpx"/>
  <File Type="POSTROUTE-PHYSOPT-DCP" Name="fulladd1io_wrapper_postroute_physopt.dcp"/>
  <File Type="POSTROUTE-PHYSOPT-BLACKBOX-DCP" Name="fulladd1io_wrapper_postroute_physopt_bb.dcp"/>
  <File Type="BG-BIT" Name="fulladd1io_wrapper.bit"/>
  <File Type="BITSTR-RBT" Name="fulladd1io_wrapper.rbt"/>
  <File Type="BITSTR-NKY" Name="fulladd1io_wrapper.nky"/>
  <File Type="BG-DRC" Name="fulladd1io_wrapper.drc"/>
  <File Type="RDI-RDI" Name="fulladd1io_wrapper.vdi"/>
  <File Type="WBT-USG" Name="usage_statistics_webtalk.html"/>
  <FileSet Name="sources" Type="DesignSrcs" RelSrcDir="$PSRCDIR/sources_1">
    <Filter Type="Srcs"/>
    <File Path="$PSRCDIR/sources_1/bd/fulladd1io/fulladd1io.bd">
      <FileInfo>
        <Attr Name="UsedIn" Val="synthesis"/>
        <Attr Name="UsedIn" Val="implementation"/>
        <Attr Name="UsedIn" Val="simulation"/>
      </FileInfo>
    </File>
    <File Path="$PSRCDIR/sources_1/bd/fulladd1io/hdl/fulladd1io_wrapper.v">
      <FileInfo>
        <Attr Name="UsedIn" Val="synthesis"/>
        <Attr Name="UsedIn" Val="implementation"/>
        <Attr Name="UsedIn" Val="simulation"/>
      </FileInfo>
    </File>
    <File Path="$PSRCDIR/sources_1/new/fulladd1.v">
      <FileInfo>
        <Attr Name="AutoDisabled" Val="1"/>
        <Attr Name="UsedIn" Val="synthesis"/>
        <Attr Name="UsedIn" Val="implementation"/>
        <Attr Name="UsedIn" Val="simulation"/>
      </FileInfo>
    </File>
    <File Path="$PSRCDIR/component.xml">
      <FileInfo SFType="IPXACT"/>
    </File>
    <Config>
      <Option Name="DesignMode" Val="RTL"/>
      <Option Name="TopModule" Val="fulladd1io_wrapper"/>
      <Option Name="TopAutoSet" Val="TRUE"/>
    </Config>
  </FileSet>
  <FileSet Name="constrs_in" Type="Constrs" RelSrcDir="$PSRCDIR/constrs_1">
    <Filter Type="Constrs"/>
    <File Path="$PPRDIR/fulladdio_ip.xdc">
      <FileInfo>
        <Attr Name="UsedIn" Val="synthesis"/>
        <Attr Name="UsedIn" Val="implementation"/>
      </FileInfo>
    </File>
    <Config>
      <Option Name="ConstrsType" Val="XDC"/>
    </Config>
  </FileSet>
  <FileSet Name="utils" Type="Utils" RelSrcDir="$PSRCDIR/utils_1">
    <Filter Type="Utils"/>
    <Config>
      <Option Name="TopAutoSet" Val="TRUE"/>
    </Config>
  </FileSet>
  <Strategy Version="1" Minor="2">
    <StratHandle Name="Vivado Implementation Defaults" Flow="Vivado Implementation 2018"/>
    <Step Id="init_design"/>
    <Step Id="opt_design"/>
    <Step Id="power_opt_design"/>
    <Step Id="place_design"/>
    <Step Id="post_place_power_opt_design"/>
    <Step Id="phys_opt_design"/>
    <Step Id="route_design"/>
    <Step Id="post_route_phys_opt_design"/>
    <Step Id="write_bitstream"/>
  </Strategy>
</GenRun>
