<?xml version="1.0" encoding="UTF-8"?>
<GenRun Id="impl_1" LaunchPart="xc7a35tcsg324-1" LaunchTime="1574224900">
  <File Type="ROUTE-PWR" Name="hexseg8_power_routed.rpt"/>
  <File Type="PA-TCL" Name="hexseg8.tcl"/>
  <File Type="BITSTR-BMM" Name="hexseg8_bd.bmm"/>
  <File Type="ROUTE-PWR-SUM" Name="hexseg8_power_summary_routed.pb"/>
  <File Type="REPORTS-TCL" Name="hexseg8_reports.tcl"/>
  <File Type="OPT-DCP" Name="hexseg8_opt.dcp"/>
  <File Type="OPT-DRC" Name="hexseg8_drc_opted.rpt"/>
  <File Type="OPT-HWDEF" Name="hexseg8.hwdef"/>
  <File Type="PWROPT-DCP" Name="hexseg8_pwropt.dcp"/>
  <File Type="PLACE-DCP" Name="hexseg8_placed.dcp"/>
  <File Type="PLACE-IO" Name="hexseg8_io_placed.rpt"/>
  <File Type="PLACE-UTIL" Name="hexseg8_utilization_placed.rpt"/>
  <File Type="PLACE-UTIL-PB" Name="hexseg8_utilization_placed.pb"/>
  <File Type="PLACE-CTRL" Name="hexseg8_control_sets_placed.rpt"/>
  <File Type="PLACE-PRE-SIMILARITY" Name="hexseg8_incremental_reuse_pre_placed.rpt"/>
  <File Type="BG-BGN" Name="hexseg8.bgn"/>
  <File Type="POSTPLACE-PWROPT-DCP" Name="hexseg8_postplace_pwropt.dcp"/>
  <File Type="BG-BIN" Name="hexseg8.bin"/>
  <File Type="PHYSOPT-DCP" Name="hexseg8_physopt.dcp"/>
  <File Type="BITSTR-MSK" Name="hexseg8.msk"/>
  <File Type="ROUTE-ERROR-DCP" Name="hexseg8_routed_error.dcp"/>
  <File Type="ROUTE-DCP" Name="hexseg8_routed.dcp"/>
  <File Type="ROUTE-BLACKBOX-DCP" Name="hexseg8_routed_bb.dcp"/>
  <File Type="ROUTE-DRC" Name="hexseg8_drc_routed.rpt"/>
  <File Type="ROUTE-DRC-PB" Name="hexseg8_drc_routed.pb"/>
  <File Type="ROUTE-DRC-RPX" Name="hexseg8_drc_routed.rpx"/>
  <File Type="BITSTR-LTX" Name="hexseg8.ltx"/>
  <File Type="ROUTE-METHODOLOGY-DRC" Name="hexseg8_methodology_drc_routed.rpt"/>
  <File Type="BITSTR-MMI" Name="hexseg8.mmi"/>
  <File Type="ROUTE-METHODOLOGY-DRC-RPX" Name="hexseg8_methodology_drc_routed.rpx"/>
  <File Type="ROUTE-METHODOLOGY-DRC-PB" Name="hexseg8_methodology_drc_routed.pb"/>
  <File Type="BITSTR-SYSDEF" Name="hexseg8.sysdef"/>
  <File Type="ROUTE-PWR-RPX" Name="hexseg8_power_routed.rpx"/>
  <File Type="ROUTE-STATUS" Name="hexseg8_route_status.rpt"/>
  <File Type="ROUTE-STATUS-PB" Name="hexseg8_route_status.pb"/>
  <File Type="ROUTE-TIMINGSUMMARY" Name="hexseg8_timing_summary_routed.rpt"/>
  <File Type="ROUTE-TIMING-PB" Name="hexseg8_timing_summary_routed.pb"/>
  <File Type="ROUTE-TIMING-RPX" Name="hexseg8_timing_summary_routed.rpx"/>
  <File Type="ROUTE-CLK" Name="hexseg8_clock_utilization_routed.rpt"/>
  <File Type="ROUTE-BUS-SKEW" Name="hexseg8_bus_skew_routed.rpt"/>
  <File Type="ROUTE-BUS-SKEW-PB" Name="hexseg8_bus_skew_routed.pb"/>
  <File Type="ROUTE-BUS-SKEW-RPX" Name="hexseg8_bus_skew_routed.rpx"/>
  <File Type="POSTROUTE-PHYSOPT-DCP" Name="hexseg8_postroute_physopt.dcp"/>
  <File Type="POSTROUTE-PHYSOPT-BLACKBOX-DCP" Name="hexseg8_postroute_physopt_bb.dcp"/>
  <File Type="BG-BIT" Name="hexseg8.bit"/>
  <File Type="BITSTR-RBT" Name="hexseg8.rbt"/>
  <File Type="BITSTR-NKY" Name="hexseg8.nky"/>
  <File Type="BG-DRC" Name="hexseg8.drc"/>
  <File Type="RDI-RDI" Name="hexseg8.vdi"/>
  <File Type="WBT-USG" Name="usage_statistics_webtalk.html"/>
  <FileSet Name="sources" Type="DesignSrcs" RelSrcDir="$PSRCDIR/sources_1">
    <Filter Type="Srcs"/>
    <File Path="$PSRCDIR/sources_1/new/counter.v">
      <FileInfo>
        <Attr Name="UsedIn" Val="synthesis"/>
        <Attr Name="UsedIn" Val="implementation"/>
        <Attr Name="UsedIn" Val="simulation"/>
      </FileInfo>
    </File>
    <File Path="$PSRCDIR/sources_1/new/frequency_1khz.v">
      <FileInfo>
        <Attr Name="UsedIn" Val="synthesis"/>
        <Attr Name="UsedIn" Val="implementation"/>
        <Attr Name="UsedIn" Val="simulation"/>
      </FileInfo>
    </File>
    <File Path="$PSRCDIR/sources_1/new/selector.v">
      <FileInfo>
        <Attr Name="UsedIn" Val="synthesis"/>
        <Attr Name="UsedIn" Val="implementation"/>
        <Attr Name="UsedIn" Val="simulation"/>
      </FileInfo>
    </File>
    <File Path="$PSRCDIR/sources_1/new/transcoding.v">
      <FileInfo>
        <Attr Name="UsedIn" Val="synthesis"/>
        <Attr Name="UsedIn" Val="implementation"/>
        <Attr Name="UsedIn" Val="simulation"/>
      </FileInfo>
    </File>
    <File Path="$PSRCDIR/sources_1/new/hexseg8.v">
      <FileInfo>
        <Attr Name="UsedIn" Val="synthesis"/>
        <Attr Name="UsedIn" Val="implementation"/>
        <Attr Name="UsedIn" Val="simulation"/>
      </FileInfo>
    </File>
    <Config>
      <Option Name="DesignMode" Val="RTL"/>
      <Option Name="TopModule" Val="hexseg8"/>
    </Config>
  </FileSet>
  <FileSet Name="constrs_in" Type="Constrs" RelSrcDir="$PSRCDIR/constrs_1">
    <Filter Type="Constrs"/>
    <File Path="$PSRCDIR/constrs_1/new/hexseg8.xdc">
      <FileInfo>
        <Attr Name="UsedIn" Val="synthesis"/>
        <Attr Name="UsedIn" Val="implementation"/>
      </FileInfo>
    </File>
    <Config>
      <Option Name="TargetConstrsFile" Val="$PSRCDIR/constrs_1/new/hexseg8.xdc"/>
      <Option Name="ConstrsType" Val="XDC"/>
    </Config>
  </FileSet>
  <FileSet Name="utils" Type="Utils" RelSrcDir="$PSRCDIR/utils_1">
    <Filter Type="Utils"/>
    <Config>
      <Option Name="TopAutoSet" Val="TRUE"/>
    </Config>
  </FileSet>
  <Strategy Version="1" Minor="2">
    <StratHandle Name="Vivado Implementation Defaults" Flow="Vivado Implementation 2018"/>
    <Step Id="init_design"/>
    <Step Id="opt_design"/>
    <Step Id="power_opt_design"/>
    <Step Id="place_design"/>
    <Step Id="post_place_power_opt_design"/>
    <Step Id="phys_opt_design"/>
    <Step Id="route_design"/>
    <Step Id="post_route_phys_opt_design"/>
    <Step Id="write_bitstream"/>
  </Strategy>
</GenRun>
