<?xml version="1.0" encoding="UTF-8"?>
<GenRun Id="impl_1" LaunchPart="xc7a35tcsg324-1" LaunchTime="1572917376">
  <File Type="ROUTE-PWR" Name="Ex_1_power_routed.rpt"/>
  <File Type="PA-TCL" Name="Ex_1.tcl"/>
  <File Type="BITSTR-BMM" Name="Ex_1_bd.bmm"/>
  <File Type="ROUTE-PWR-SUM" Name="Ex_1_power_summary_routed.pb"/>
  <File Type="REPORTS-TCL" Name="Ex_1_reports.tcl"/>
  <File Type="OPT-DCP" Name="Ex_1_opt.dcp"/>
  <File Type="OPT-DRC" Name="Ex_1_drc_opted.rpt"/>
  <File Type="OPT-HWDEF" Name="Ex_1.hwdef"/>
  <File Type="PWROPT-DCP" Name="Ex_1_pwropt.dcp"/>
  <File Type="PLACE-DCP" Name="Ex_1_placed.dcp"/>
  <File Type="PLACE-IO" Name="Ex_1_io_placed.rpt"/>
  <File Type="PLACE-UTIL" Name="Ex_1_utilization_placed.rpt"/>
  <File Type="PLACE-UTIL-PB" Name="Ex_1_utilization_placed.pb"/>
  <File Type="PLACE-CTRL" Name="Ex_1_control_sets_placed.rpt"/>
  <File Type="PLACE-PRE-SIMILARITY" Name="Ex_1_incremental_reuse_pre_placed.rpt"/>
  <File Type="BG-BGN" Name="Ex_1.bgn"/>
  <File Type="POSTPLACE-PWROPT-DCP" Name="Ex_1_postplace_pwropt.dcp"/>
  <File Type="BG-BIN" Name="Ex_1.bin"/>
  <File Type="PHYSOPT-DCP" Name="Ex_1_physopt.dcp"/>
  <File Type="BITSTR-MSK" Name="Ex_1.msk"/>
  <File Type="ROUTE-ERROR-DCP" Name="Ex_1_routed_error.dcp"/>
  <File Type="ROUTE-DCP" Name="Ex_1_routed.dcp"/>
  <File Type="ROUTE-BLACKBOX-DCP" Name="Ex_1_routed_bb.dcp"/>
  <File Type="ROUTE-DRC" Name="Ex_1_drc_routed.rpt"/>
  <File Type="ROUTE-DRC-PB" Name="Ex_1_drc_routed.pb"/>
  <File Type="ROUTE-DRC-RPX" Name="Ex_1_drc_routed.rpx"/>
  <File Type="BITSTR-LTX" Name="Ex_1.ltx"/>
  <File Type="ROUTE-METHODOLOGY-DRC" Name="Ex_1_methodology_drc_routed.rpt"/>
  <File Type="BITSTR-MMI" Name="Ex_1.mmi"/>
  <File Type="ROUTE-METHODOLOGY-DRC-RPX" Name="Ex_1_methodology_drc_routed.rpx"/>
  <File Type="ROUTE-METHODOLOGY-DRC-PB" Name="Ex_1_methodology_drc_routed.pb"/>
  <File Type="BITSTR-SYSDEF" Name="Ex_1.sysdef"/>
  <File Type="ROUTE-PWR-RPX" Name="Ex_1_power_routed.rpx"/>
  <File Type="ROUTE-STATUS" Name="Ex_1_route_status.rpt"/>
  <File Type="ROUTE-STATUS-PB" Name="Ex_1_route_status.pb"/>
  <File Type="ROUTE-TIMINGSUMMARY" Name="Ex_1_timing_summary_routed.rpt"/>
  <File Type="ROUTE-TIMING-PB" Name="Ex_1_timing_summary_routed.pb"/>
  <File Type="ROUTE-TIMING-RPX" Name="Ex_1_timing_summary_routed.rpx"/>
  <File Type="ROUTE-CLK" Name="Ex_1_clock_utilization_routed.rpt"/>
  <File Type="ROUTE-BUS-SKEW" Name="Ex_1_bus_skew_routed.rpt"/>
  <File Type="ROUTE-BUS-SKEW-PB" Name="Ex_1_bus_skew_routed.pb"/>
  <File Type="ROUTE-BUS-SKEW-RPX" Name="Ex_1_bus_skew_routed.rpx"/>
  <File Type="POSTROUTE-PHYSOPT-DCP" Name="Ex_1_postroute_physopt.dcp"/>
  <File Type="POSTROUTE-PHYSOPT-BLACKBOX-DCP" Name="Ex_1_postroute_physopt_bb.dcp"/>
  <File Type="BG-BIT" Name="Ex_1.bit"/>
  <File Type="BITSTR-RBT" Name="Ex_1.rbt"/>
  <File Type="BITSTR-NKY" Name="Ex_1.nky"/>
  <File Type="BG-DRC" Name="Ex_1.drc"/>
  <File Type="RDI-RDI" Name="Ex_1.vdi"/>
  <File Type="WBT-USG" Name="usage_statistics_webtalk.html"/>
  <FileSet Name="sources" Type="DesignSrcs" RelSrcDir="$PSRCDIR/sources_1">
    <Filter Type="Srcs"/>
    <File Path="$PSRCDIR/sources_1/new/Ex_1.v">
      <FileInfo>
        <Attr Name="UsedIn" Val="synthesis"/>
        <Attr Name="UsedIn" Val="implementation"/>
        <Attr Name="UsedIn" Val="simulation"/>
      </FileInfo>
    </File>
    <Config>
      <Option Name="DesignMode" Val="RTL"/>
      <Option Name="TopModule" Val="Ex_1"/>
      <Option Name="TopAutoSet" Val="TRUE"/>
    </Config>
  </FileSet>
  <FileSet Name="constrs_in" Type="Constrs" RelSrcDir="$PSRCDIR/constrs_1">
    <Filter Type="Constrs"/>
    <File Path="$PSRCDIR/constrs_1/imports/数字逻辑设计实验-2019/Ex_1.xdc">
      <FileInfo>
        <Attr Name="ImportPath" Val="$PPRDIR/../数字逻辑设计实验-2019/Ex_1.xdc"/>
        <Attr Name="ImportTime" Val="1572878986"/>
        <Attr Name="UsedIn" Val="synthesis"/>
        <Attr Name="UsedIn" Val="implementation"/>
      </FileInfo>
    </File>
    <Config>
      <Option Name="ConstrsType" Val="XDC"/>
    </Config>
  </FileSet>
  <FileSet Name="utils" Type="Utils" RelSrcDir="$PSRCDIR/utils_1">
    <Filter Type="Utils"/>
    <Config>
      <Option Name="TopAutoSet" Val="TRUE"/>
    </Config>
  </FileSet>
  <Strategy Version="1" Minor="2">
    <StratHandle Name="Vivado Implementation Defaults" Flow="Vivado Implementation 2018"/>
    <Step Id="init_design"/>
    <Step Id="opt_design"/>
    <Step Id="power_opt_design"/>
    <Step Id="place_design"/>
    <Step Id="post_place_power_opt_design"/>
    <Step Id="phys_opt_design"/>
    <Step Id="route_design"/>
    <Step Id="post_route_phys_opt_design"/>
    <Step Id="write_bitstream"/>
  </Strategy>
</GenRun>
