<?xml version="1.0" encoding="UTF-8"?>
<GenRun Id="impl_1" LaunchPart="xc7a35tcsg324-1" LaunchTime="1575292282">
  <File Type="BITSTR-BMM" Name="Moore01101_bd.bmm"/>
  <File Type="OPT-METHODOLOGY-DRC" Name="Moore01101_methodology_drc_opted.rpt"/>
  <File Type="INIT-TIMING" Name="Moore01101_timing_summary_init.rpt"/>
  <File Type="ROUTE-PWR" Name="Moore01101_power_routed.rpt"/>
  <File Type="PA-TCL" Name="Moore01101.tcl"/>
  <File Type="OPT-TIMING" Name="Moore01101_timing_summary_opted.rpt"/>
  <File Type="OPT-DCP" Name="Moore01101_opt.dcp"/>
  <File Type="ROUTE-PWR-SUM" Name="Moore01101_power_summary_routed.pb"/>
  <File Type="REPORTS-TCL" Name="Moore01101_reports.tcl"/>
  <File Type="OPT-DRC" Name="Moore01101_drc_opted.rpt"/>
  <File Type="OPT-HWDEF" Name="Moore01101.hwdef"/>
  <File Type="PWROPT-DCP" Name="Moore01101_pwropt.dcp"/>
  <File Type="PWROPT-DRC" Name="Moore01101_drc_pwropted.rpt"/>
  <File Type="PWROPT-TIMING" Name="Moore01101_timing_summary_pwropted.rpt"/>
  <File Type="PLACE-DCP" Name="Moore01101_placed.dcp"/>
  <File Type="PLACE-IO" Name="Moore01101_io_placed.rpt"/>
  <File Type="PLACE-CLK" Name="Moore01101_clock_utilization_placed.rpt"/>
  <File Type="PLACE-UTIL" Name="Moore01101_utilization_placed.rpt"/>
  <File Type="PLACE-UTIL-PB" Name="Moore01101_utilization_placed.pb"/>
  <File Type="PLACE-CTRL" Name="Moore01101_control_sets_placed.rpt"/>
  <File Type="PLACE-SIMILARITY" Name="Moore01101_incremental_reuse_placed.rpt"/>
  <File Type="PLACE-PRE-SIMILARITY" Name="Moore01101_incremental_reuse_pre_placed.rpt"/>
  <File Type="BG-BGN" Name="Moore01101.bgn"/>
  <File Type="PLACE-TIMING" Name="Moore01101_timing_summary_placed.rpt"/>
  <File Type="POSTPLACE-PWROPT-DCP" Name="Moore01101_postplace_pwropt.dcp"/>
  <File Type="BG-BIN" Name="Moore01101.bin"/>
  <File Type="POSTPLACE-PWROPT-TIMING" Name="Moore01101_timing_summary_postplace_pwropted.rpt"/>
  <File Type="PHYSOPT-DCP" Name="Moore01101_physopt.dcp"/>
  <File Type="PHYSOPT-DRC" Name="Moore01101_drc_physopted.rpt"/>
  <File Type="BITSTR-MSK" Name="Moore01101.msk"/>
  <File Type="PHYSOPT-TIMING" Name="Moore01101_timing_summary_physopted.rpt"/>
  <File Type="ROUTE-ERROR-DCP" Name="Moore01101_routed_error.dcp"/>
  <File Type="ROUTE-DCP" Name="Moore01101_routed.dcp"/>
  <File Type="ROUTE-BLACKBOX-DCP" Name="Moore01101_routed_bb.dcp"/>
  <File Type="ROUTE-DRC" Name="Moore01101_drc_routed.rpt"/>
  <File Type="ROUTE-DRC-PB" Name="Moore01101_drc_routed.pb"/>
  <File Type="BITSTR-LTX" Name="debug_nets.ltx"/>
  <File Type="BITSTR-LTX" Name="Moore01101.ltx"/>
  <File Type="ROUTE-DRC-RPX" Name="Moore01101_drc_routed.rpx"/>
  <File Type="BITSTR-MMI" Name="Moore01101.mmi"/>
  <File Type="ROUTE-METHODOLOGY-DRC" Name="Moore01101_methodology_drc_routed.rpt"/>
  <File Type="ROUTE-METHODOLOGY-DRC-RPX" Name="Moore01101_methodology_drc_routed.rpx"/>
  <File Type="BITSTR-SYSDEF" Name="Moore01101.sysdef"/>
  <File Type="ROUTE-METHODOLOGY-DRC-PB" Name="Moore01101_methodology_drc_routed.pb"/>
  <File Type="ROUTE-PWR-RPX" Name="Moore01101_power_routed.rpx"/>
  <File Type="ROUTE-STATUS" Name="Moore01101_route_status.rpt"/>
  <File Type="ROUTE-STATUS-PB" Name="Moore01101_route_status.pb"/>
  <File Type="ROUTE-TIMINGSUMMARY" Name="Moore01101_timing_summary_routed.rpt"/>
  <File Type="ROUTE-TIMING-PB" Name="Moore01101_timing_summary_routed.pb"/>
  <File Type="ROUTE-TIMING-RPX" Name="Moore01101_timing_summary_routed.rpx"/>
  <File Type="ROUTE-SIMILARITY" Name="Moore01101_incremental_reuse_routed.rpt"/>
  <File Type="ROUTE-CLK" Name="Moore01101_clock_utilization_routed.rpt"/>
  <File Type="ROUTE-BUS-SKEW" Name="Moore01101_bus_skew_routed.rpt"/>
  <File Type="ROUTE-BUS-SKEW-PB" Name="Moore01101_bus_skew_routed.pb"/>
  <File Type="ROUTE-BUS-SKEW-RPX" Name="Moore01101_bus_skew_routed.rpx"/>
  <File Type="POSTROUTE-PHYSOPT-DCP" Name="Moore01101_postroute_physopt.dcp"/>
  <File Type="POSTROUTE-PHYSOPT-BLACKBOX-DCP" Name="Moore01101_postroute_physopt_bb.dcp"/>
  <File Type="POSTROUTE-PHYSOPT-TIMING" Name="Moore01101_timing_summary_postroute_physopted.rpt"/>
  <File Type="POSTROUTE-PHYSOPT-TIMING-PB" Name="Moore01101_timing_summary_postroute_physopted.pb"/>
  <File Type="POSTROUTE-PHYSOPT-TIMING-RPX" Name="Moore01101_timing_summary_postroute_physopted.rpx"/>
  <File Type="POSTROUTE-PHYSOPT-BUS-SKEW" Name="Moore01101_bus_skew_postroute_physopted.rpt"/>
  <File Type="POSTROUTE-PHYSOPT-BUS-SKEW-PB" Name="Moore01101_bus_skew_postroute_physopted.pb"/>
  <File Type="BG-BIT" Name="Moore01101.bit"/>
  <File Type="POSTROUTE-PHYSOPT-BUS-SKEW-RPX" Name="Moore01101_bus_skew_postroute_physopted.rpx"/>
  <File Type="BITSTR-RBT" Name="Moore01101.rbt"/>
  <File Type="BITSTR-NKY" Name="Moore01101.nky"/>
  <File Type="BG-DRC" Name="Moore01101.drc"/>
  <File Type="RDI-RDI" Name="Moore01101.vdi"/>
  <File Type="WBT-USG" Name="usage_statistics_webtalk.html"/>
  <FileSet Name="sources" Type="DesignSrcs" RelSrcDir="$PSRCDIR/sources_1">
    <Filter Type="Srcs"/>
    <File Path="$PSRCDIR/sources_1/new/Moore01101.v">
      <FileInfo>
        <Attr Name="UsedIn" Val="synthesis"/>
        <Attr Name="UsedIn" Val="implementation"/>
        <Attr Name="UsedIn" Val="simulation"/>
      </FileInfo>
    </File>
    <Config>
      <Option Name="DesignMode" Val="RTL"/>
      <Option Name="TopModule" Val="Moore01101"/>
      <Option Name="TopAutoSet" Val="TRUE"/>
    </Config>
  </FileSet>
  <FileSet Name="constrs_in" Type="Constrs" RelSrcDir="$PSRCDIR/constrs_1">
    <Filter Type="Constrs"/>
    <File Path="$PSRCDIR/constrs_1/new/Moore.xdc">
      <FileInfo>
        <Attr Name="UsedIn" Val="synthesis"/>
        <Attr Name="UsedIn" Val="implementation"/>
      </FileInfo>
    </File>
    <Config>
      <Option Name="ConstrsType" Val="XDC"/>
    </Config>
  </FileSet>
  <FileSet Name="utils" Type="Utils" RelSrcDir="$PSRCDIR/utils_1">
    <Filter Type="Utils"/>
    <Config>
      <Option Name="TopAutoSet" Val="TRUE"/>
    </Config>
  </FileSet>
  <Strategy Version="1" Minor="2">
    <StratHandle Name="Vivado Implementation Defaults" Flow="Vivado Implementation 2018">
      <Desc>Default settings for Implementation.</Desc>
    </StratHandle>
    <Step Id="init_design"/>
    <Step Id="opt_design"/>
    <Step Id="power_opt_design"/>
    <Step Id="place_design"/>
    <Step Id="post_place_power_opt_design"/>
    <Step Id="phys_opt_design"/>
    <Step Id="route_design"/>
    <Step Id="post_route_phys_opt_design"/>
    <Step Id="write_bitstream"/>
  </Strategy>
</GenRun>
